Course,enrolled_students,average_time_spent,completion_rate
Data Science 101,3,120.0,66.66666666666666
Deep Learning Basics,3,186.66666666666666,66.66666666666666
Machine Learning Fundamentals,3,133.33333333333334,66.66666666666666
