Campaign ID,Advertising Spend (USD),Campaign Duration (Days),Sales (USD),Sales per Dollar Spent
1,5000,14,12000,2.4
2,7500,21,18000,2.4
3,3000,10,9000,3.0
4,6000,18,15000,2.5
5,4500,12,11000,2.4444444444444446
6,8000,28,22000,2.75
7,2500,8,7000,2.8
8,9000,30,28000,3.111111111111111
9,5500,16,13000,2.3636363636363638
10,7000,24,19000,2.7142857142857144
